"SNP","CHROM","POS","REF","ALT","MAF","Effect","SE","HFF.FarmCPU"
"S5_651151",5,651151,"C","T",0.0106382978723404,46.4044942761555,8.43951976376515,1.29916725792306e-09
"S5_213589925",5,213589925,"T","C",0.0106382978723404,45.3778874375541,9.4205352288703,3.51798088851147e-08
"S8_6851468",8,6851468,"A","G",0.0106382978723404,51.4840594910604,8.94190658760059,5.45786925086996e-10
"S8_163677110",8,163677110,"C","T",0.0319148936170213,-23.2697044889011,4.41506487669451,4.1537375639889e-09
"S9_138428060",9,138428060,"T","G",0.0691489361702128,-17.3934432953631,3.45501803828052,1.85100114893233e-08
