"SNP","CHROM","POS","REF","ALT","MAF","Effect","SE","HFF.MLM"
"S1_229066833",1,229066833,"C","T",0.00531914893617021,163.325761081653,28.6887748965912,4.95765330438372e-08
"S2_208854688",2,208854688,"C","T",0.0106382978723404,81.6628805408267,14.3443874482956,4.95765330438372e-08
